/*
 Navicat Premium Data Transfer

 Source Server         : SQL2016
 Source Server Type    : SQL Server
 Source Server Version : 13001601
 Source Host           : 127.0.0.1:1433
 Source Catalog        : Blog.Models.BlogsContext
 Source Schema         : dbo

 Target Server Type    : SQL Server
 Target Server Version : 13001601
 File Encoding         : 65001

 Date: 24/05/2020 15:41:33
*/


-- ----------------------------
-- Table structure for __MigrationHistory
-- ----------------------------
IF EXISTS (SELECT * FROM sys.all_objects WHERE object_id = OBJECT_ID(N'[dbo].[__MigrationHistory]') AND type IN ('U'))
	DROP TABLE [dbo].[__MigrationHistory]
GO

CREATE TABLE [dbo].[__MigrationHistory] (
  [MigrationId] nvarchar(150) COLLATE SQL_Latin1_General_CP1_CI_AS NOT NULL,
  [ContextKey] nvarchar(300) COLLATE SQL_Latin1_General_CP1_CI_AS NOT NULL,
  [Model] varbinary(max) NOT NULL,
  [ProductVersion] nvarchar(32) COLLATE SQL_Latin1_General_CP1_CI_AS NOT NULL
)
GO

ALTER TABLE [dbo].[__MigrationHistory] SET (LOCK_ESCALATION = TABLE)
GO


-- ----------------------------
-- Records of [__MigrationHistory]
-- ----------------------------
INSERT INTO [dbo].[__MigrationHistory]  VALUES (N'201812300803547_InitialCreate', N'Blog.Models.BlogsContext', 0x1F8B0800000000000400ED5CCD72DB3610BE77A6EFC0E1A99D7144DBB9B41E2919C78ED34C63D90D9DDC21129239E58F4A80AEF46C3DF491FA0A0508FE00202840A4645B36C7177B81FD16043E2CFE76FDDF3FFF8EDFAFA2D07A80290A9278629F8C8E6D0BC65EE207F162626778FEE617FBFDBB1F7F187FF4A395F5BDACF796D6239A319AD8F7182FCF1C0779F730026814055E9AA0648E475E1239C04F9CD3E3E35F9D93130712089B6059D6F86B16E32082F91FE4CF8B24F6E0126720BC4E7C18A2424E4ADC1CD59A8208A225F0E0C4FE10268B11AB665BE7610048135C18CE6D0BC4718201260D3CFB86A08BD3245EB84B2200E1DD7A0949BD3908112C1A7E565737FD86E353FA0D4EAD58427919C249B425E0C9DBA2531C59BD53D7DA55A7916EFB48BA17AFE957E75D37B1CFFD2820B8B2A5B38B30A5B5846E1DE5958F2C2A3AAAC69C5083FE1C59175988B3144E6298E1148447D66D360B03EF77B8BE4BFE84F124CEC2906F0C690E29130444749B264B98E2F557382F9AF8D9B72D47D47364C54A8DD361EDFF1CE3B7A7B63525C6C12C84D55873DFEAE224859F600C5380A17F0B3086694C3160DE5B0DEB922DC2A93426BF951609C1C824B1AD6BB0FA02E305BE9FD8E457DBBA0A56D02F25452BBEC50199534409A719D419BA0508FD9DA4FEDE0D7D4A810F751DB819E22285A433E95CEE87F36DE977C0193B35D137D33F9C659131FD69E581FEF248276495E839C8A82FC2A1D02DC581074263C2B1EA03E576CF9790F8D2604E7A97ADABBDB092189376EFDD2BBBA4F332F42AE6893C3C66D345D41A668D646BFA187B944321581286D0DB8A5C95C6402CD9563C4F02ADBDCD185477D8441871B7D89D9BD136AF3C3056B2759EE1FB24CD2B0EFE90C25F4384C0C2985545F581574FB415BC5B273DF9B40B9F7D20DCBEBD4F7062CAECBCF2C06BD95FB26B923E83ECA6DEE06C19FC1F1988570130DE7A96F5075A3EC589264BC31DDB30268ABB461846C8942745F581264F41932FC922D9BB91F35992717740FB73A4641F93026FFF1B9973DF4FC95EF2A926183B339ACD2E5AF7F1A7D66587A97539BC7D7537F41B04FE92ED18F76CE9D5DFC7512F030242BDC2069D5B283F42ADB0625612AE15131315DF2EB69881BA108B4FDB750B583CC0A8903B1A6DB6E56D6A33B94EBB7CE869EA97251A04F1321B2990E44B721D20BDC064359B50DC75A806A6B87D6A4014728D7675CFD0D0AF4A3408C569AEA15FC835DAF5D6BB0150176930AA5D5903A22AD120B065A7A1CEC4AAF953CD943A00C66111308560ECB484CA8CAFC172495C0B173A53482C97C5CD5CBC71B78F2B891886E321457849D5DACA125964C8D84AA594923EBC0A52842F01063340BDC7851F35AA097EA1A5674B53FCD49797D7BAC3CBDAF4F7DAF708612EB276DD7157E45B22B23CE69F05AB16B458CD355D32E341AAD8029389974571DB367A9376BDF2F218B5D41CA95E5A79A45A6A8E54F8001E46E9163661F00B160FC4CBB7E8256ED912FA899337D1C68E34D432939C0695A43D9ACC4B33D6E64B4B67D6AAB44D58ABD6DB0F6B8B6011616099683BE637593F70CC8C63C5F6A333CBD4FA263C6BD3DC9F7FECC912697F253065E3DE6B236AF94420CE8142688E534683F030A56C9809063341DE60779D111215B69F183A80FDCC8F6963EF30DD72DFF09AB9539DA53AB3A63E717560CC06E5FDB0A57C2E14100A99390A0BF2E031986458FB1F85B56C2FDE95B14A6D03B2B6E8ED87A75C60070FC28907A61830A5BC8CE9CA95167D03B6B46AEEEB3CB29BDD180BC8103D5BB2153F76E3615F3167D9056057C62AB50DF8DAA2B727EFC6EE9E05CFA6BA8EDE8491C7610887062A181866C0B0EA86B82BC9DA000C78D6AEFA5C8F0779DC040F900B9ECD609677F55DC7B245DF60285B359FEB48B2D0061E8149B6705C65DC82E0BA4AE176CB358B4B90D76B26DDA24565E081D0A252F86C589A9F6EBA5254A56CC04FB55A2B392F257236221636693FC7570C2E028087E2C4C32DCB0EC9DF78E394AB54D60B49F577F5C659BC2FEAFF4740E3C19155B12DD24D0F814F1F1B99771ED10A23F7AFF0220CF2A34059E11AC4C11C22CCC27AECD3E39353E9BF0D3C9FCC7F07215FB86F6F4BFF1707EB1162FE02DAA5DAD0A30E0940CC6B3023F10348BD7B90FE1481D5CF3C5A9778A35E60423E7DFEEDBD23EDBBA0346378F4285B66D2BF0C260929ED9D7A1AF5D33F84F1563DE71DEC88F71E30653E7927243185A897DF1133C65F2811373D9F1D2C1FA7BB5AC70E61005B5EB30E76F0C4DCBA2EFDCD9EC586F567036B14CF4A074B98463AF24B9FF2CA579E831DBE5D2ED97C666F9761EBEF7B0E803E8A479783258F905ADBA5A7B9C4DA97EE36D48F20073BF43BDBE47129AA5BE06C9D863AF4BAE259640740525667BF592C656EF66B98989DB90F6E351F1B1E2331F295DD3F36721A7BA1BDF8B3A99C97D84C53121B24A77769120FD99BC3C4F667743C581BF3227DE298262951894C8B0C90F5098B4A7456A8C7972FC81A66E40A2A6B8D9C489D512EADB169902B541AABCAF5863449912AF8BC488F6C9030A9422F0AF5F89A744A15765EA447364AB554E197A57A130699982A033B49D35401D312A4F63406199CCD57CCB1C3FF3FF4F12544C1A286A0FF1D3D660CAD41CB3AF41C583A4AF2457C8BCA2A921FBD8618104F0AE8949E931D0429F6088BF2B4F4EF20CC48958FD10CFA9FE39B0C2F337C8E108C66A110523B7636DBCFD354C5368F6F96F91CDBC5279066067431B8893F6441E857EDBE52AC002D10D4D7177B02D22A17D3BDC1625D214D93D810A8E8BE4BB88431DD51DCC1681912307413BBE00176691BA1D717B800DEBA7C8C6E07D10F84D8EDE3CB002C5210A102A3D6277F120EFBD1EADDFF1F2DB7A116600000, N'6.2.0-61023')
GO

INSERT INTO [dbo].[__MigrationHistory]  VALUES (N'201901010809125_InitialCreate1', N'Blog.Models.BlogsContext', 0x1F8B0800000000000400ED5CCD72DB3610BE77A6EFC0E1A99D7144DBB9B41E2919478ED34CE39F464EEE1009C99CF2472540577AB61EFA487D8502047F0010144052B22D9BE38BB5C07E0B021F1620B0CBFFFEF977FC7E1D06D6034C901F4713FB64746C5B307263CF8F96133BC58B37BFD8EFDFFDF8C3F8A317AEADEF45BDB7B41ED18CD0C4BEC77875E638C8BD872140A3D0779318C50B3C72E3D0015EEC9C1E1FFFEA9C9C389040D804CBB2C65FD308FB21CC7E909FD33872E10AA720B88A3D18A05C4E4A6619AA750D428856C08513FB43102F47AC9A6D9D073E204D98C160615B208A620C3069E0D93704673889A3E56C450420B8DBAC20A9B700018279C3CFAAEAA6CF707C4A9FC1A9140B283745380E5B029EBCCD3BC591D53B75AD5D761AE9B68FA47BF1863E75D67513FBDC0B7D822B5B3A9B0609AD2574EB28AB7C6451D15139E6841AF4EFC89AA6014E133889608A13101C59B7E93CF0DDDFE1E62EFE134693280D02BE31A439A44C1010D16D12AF6082375FE1226FE267CFB61C51CF91154B354E87B5FF7384DF9EDAD635310EE6012CC79A7BD6198E13F809463001187AB700639844140366BD55B32ED9229C4A22F25F6191108C4C12DBBA02EB2F305AE2FB894DFEB5AD4B7F0DBD4292B7E25BE4933945947092429DA15B80D0DF71E2EDDDD0A7047850D781DB21A609249D49E7723F9C6F2BAF03CED8A988BE9DFEC13C0D8DE94F2B0FF497473A26AB44CF41467D110E856E09F65D1018138E551F28B773BEDCF938D8BFC39E06C463FB0B32866CF5EEC5F038C2A477F6DEE61919A214BD8AD9280F8FD9A414B586B929D9BA7E8C9DD0A1102C0E02E8B62257A931104BB6152D625F6B4FE3F689EEB05531E26EFE0E6046DBACF2C058C9D6798AEFE324AB38F8430A7F0511024B6356E5D5075E3DD156F06E13F7E4D32E7CF68170FBF63EC6B129B3B3CA03AF657FC90E63FA0CF22C710767CBE0FF4841B4F681F1D6B3A83FD0F229DE68D224D8B10D63A2CC3608C31099F224AF3ED0E42968F2255EC67B37723E8F53EE0C687F8E94EC6312E0EE7F2373EE7909D94B3ED50463EF8C66B38BD67DFCA975D1616A5D0C376CDD0DFD0681B7623BC63D5B7AF5E771D4CB009F502FB741E716CA5EA1D658312B09D7F28989F267175BCC4067108B17E8550B58D4C128973B1A6DB6E5AD6B33B94EBBB84EAAEB17251A04F1301B2990E443721D203DC06435EB50DC71A806263F7DAA41E4728D7679CE50D32F4B3408F9DB5C4D3F976BB4ABAD770DA02AD26094BBB21A4459A24160CB4E4D9D8955F3A79C2965D9D8617136B960EC3404E48CAFC06A455C0B17A0934BAC198BCE99BE99B58F5E091986E32245104BD9DAD2125964C8D84AA594921EBCF413842F00067340BDC7D40B6BD504BFD0D0B385297EEACBCB6BD5E1456DFA7FE57B84601A59BBEAB84BF22C21591EB3C782650B1AAC669A3332E341A2D8029389978651D3367A9B76B5F2F21895D41CA95A5A79A44A6A8E94FB001E46E916B661F00B160FC4CB5BF412B76C09FDC4C9EB6863471A6A99494E8D4AD21E4DE6A5196BB3A5A5336B55DA26AC55EBED87B579488A30B04CD48EF975D60F1C33E358BEFDE8CC32B5BE09CF9A34F7E71FFBB1248F44E12172510BA6497B34816D5BF76F5B518B6B06711EE542739C22A284872964C36C32984DF226BDEBAC92A8D07E72E900F633C7AE6BFB8FEB967B8FD7CC9DF27DAC336BAAB7B60E8CD9A2BC1FB614578E02422E6BE195B34011C129679261FFF028AC65FBF9AE8C556A1B90B5416F3F3CE5824378104E3C30C58029C5814E57AE34E81BB0A551735FEF34BBD98DB1A00ED1B3C5ADF8B11B0FFB8A39CB0E11BB3256A96DC0D706BD3D7937767E2D7836D591F6368C2C96437869A0828161060C2B4F99BB92AC09C08067CDAACFF5F5208BBDE00132C1B319CCE2BCBFEB5836E81B0C65A3E6731D49161EC12330490BC755C43E08AEAB10B65BAE596C83BC5E33698B1615C10B428B0AE1B36169F676D395A22A65037EAAD51AC9792191B316F5B04DFB39DE847051043C14271E4E597648FEDA3DA95CA5B49E4BCADFE53D697E47A9FF9A41EDD29255B12DD24D0FBE472F2C99771ED10AA3D95FC134F0B35781A2C21588FC0544988506D9A7C727A7D277119ECF370A1C843CE1CCBEE94305E2603D42DCA04FBB541BBED4218988790D66247A00897B0F929F42B0FE9947EB12B3D40B4CC8FCCF9EBD77B47E17947A1C901EA565CEFFCB6092907CDFA9A7513FFD43186FD595E0C18E78DF011332DF7BF90A75767B271289094DBD5A25E6AFBF504A6FBB883B58665FEF6A453C84016CB8173BD8C11333FD3A39A6CDAADF78BDFC954C714175B084A92547BFF429AFBC2F3AD8E1DBE592CDE7197719B6FEBEE700E8A3B8BE3958F20889BE5D7A9A4BF37DE96E437D9D72B043BFB34D1E9730DB02A77552ECD0EB8A0B961D004939A6FD66B19447DAAF6162AEE83EB855BFB6788C34CD57769259CBB0EC85F6E2DF4DE52CC97AD294D82039D94C9306C96E2F26B637A7E3C1DA9815E9D3D83429924A645A6480AC4F9F54A2B3423DBE7C40563323575059AB6568EA8C72499675835CA1D25859AE37A449D154C167457A6483F44D157A5EA8C7D72477AAB0B3223DB251E2A70ABF28D59B30C80B5519D849D2A80A989620B5A731C827ADDF878E1DFE1BF0E30B88FC650541BF081F318656A0451DFA1E58384AF2447C8B8A2A921FBD8218104F0AE8945E901D042976098BB224F9EF204849958FE11C7A9FA39B14AF527C8E100CE781109C3B76B6DBCF9266C5368F6F56D91CDBC5239066FA7431B8893EA47EE095EDBE54AC000D10D4D7E77B02D2AA19A67B83E5A644BA8E2343A0BCFB2EE00A4674477107C35540C0D04D34030FB04BDB08BDBEC0257037C5B57633887E20C46E1F5FF860998010E518953EF94938EC85EB77FF03138829E30A610000, N'6.2.0-61023')
GO

INSERT INTO [dbo].[__MigrationHistory]  VALUES (N'201901010819284_AutomaticMigration', N'Blog.Models.BlogsContext', 0x1F8B0800000000000400ED5CCD72DB3610BE77A6EFC0E1A99D7144DBB9B41E2919C78ED34C63D90D9DDC21129239E58F4A80AEF46C3DF491FA0A0508FE00202840A4645B36C7177B81FD16043E2CFE76FDDF3FFF8EDFAFA2D07A80290A9278629F8C8E6D0BC65EE207F162626778FEE617FBFDBB1F7F187FF4A395F5BDACF796D6239A319AD8F7182FCF1C0779F730026814055E9AA0648E475E1239C04F9CD3E3E35F9D93130712089B6059D6F86B16E32082F91FE4CF8B24F6E0126720BC4E7C18A2424E4ADC1CD59A8208A225F0E0C4FE10268B11AB665BE7610048135C18CE6D0BC4718201260D3CFB86A08BD3245EB84B2200E1DD7A0949BD3908112C1A7E565737FD86E353FA0D4EAD58427919C249B425E0C9DBA2531C59BD53D7DA55A7916EFB48BA17AFE957E75D37B1CFFD2820B8B2A5B38B30A5B5846E1DE5958F2C2A3AAAC69C5083FE1C59175988B3144E6298E1148447D66D360B03EF77B8BE4BFE84F124CEC2906F0C690E29130444749B264B98E2F557382F9AF8D9B72D47D47364C54A8DD361EDFF1CE3B7A7B63525C6C12C84D55873DFEAE224859F600C5380A17F0B3086694C3160DE5B0DEB922DC2A93426BF951609C1C824B1AD6BB0FA02E305BE9FD8E457DBBA0A56D02F25452BBEC50199534409A719D419BA0508FD9DA4FEDE0D7D4A810F751DB819E22285A433E95CEE87F36DE977C0193B35D137D33F9C659131FD69E581FEF248276495E839C8A82FC2A1D02DC581074263C2B1EA03E576CF9790F8D2604E7A97ADABBDB092189376EFDD2BBBA4F332F42AE6893C3C66D345D41A668D646BFA187B944321581286D0DB8A5C95C6402CD9563C4F02ADBDCD185477D8441871B7D89D9BD136AF3C3056B2759EE1FB24CD2B0EFE90C25F4384C0C2985545F581574FB415BC5B273DF9B40B9F7D20DCBEBD4F7062CAECBCF2C06BD95FB26B923E83ECA6DEE06C19FC1F1988570130DE7A96F5075A3EC589264BC31DDB30268ABB461846C8942745F581264F41932FC922D9BB91F35992717740FB73A4641F93026FFF1B9973DF4FC95EF2A926183B339ACD2E5AF7F1A7D66587A97539BC7D7537F41B04FE92ED18F76CE9D5DFC7512F030242BDC2069D5B283F42ADB0625612AE15131315DF2EB69881BA108B4FDB750B583CC0A8903B1A6DB6E56D6A33B94EBB7CE869EA97251A04F1321B2990E44B721D20BDC064359B50DC75A806A6B87D6A4014728D7675CFD0D0AF4A3408C569AEA15FC835DAF5D6BB0150176930AA5D5903A22AD120B065A7A1CEC4AAF953CD943A00C66111308560ECB484CA8CAFC172495C0B173A53482C97C5CD5CBC71B78F2B891886E321457849D5DACA125964C8D84AA594923EBC0A52842F01063340BDC7851F35AA097EA1A5674B53FCD49797D7BAC3CBDAF4F7DAF708612EB276DD7157E45B22B23CE69F05AB16B458CD355D32E341AAD8029389974571DB367A9376BDF2F218B5D41CA95E5A79A45A6A8E54F8001E46E9163661F00B160FC4CBB7E8256ED912FA899337D1C68E34D432939C0695A43D9ACC4B33D6E64B4B67D6AAB44D58ABD6DB0F6B8B6011616099683BE637593F70CC8C63C5F6A333CBD4FA263C6BD3DC9F7FECC912697F253065E3DE6B236AF94420CE8142688E534683F030A56C9809063341DE60779D111215B69F183A80FDCC8F6963EF30DD72DFF09AB9539DA53AB3A63E717560CC06E5FDB0A57C2E14100A99390A0BF2E031986458FB1F85B56C2FDE95B14A6D03B2B6E8ED87A75C60070FC28907A61830A5BC8CE9CA95167D03B6B46AEEEB3CB29BDD180BC8103D5BB2153F76E3615F3167D9056057C62AB50DF8DAA2B727EFC6EE9E05CFA6BA8EDE8491C7610887062A181866C0B0EA86B82BC9DA000C78D6AEFA5C8F0779DC040F900B9ECD609677F55DC7B245DF60285B359FEB48B2D0061E8149B6705C65DC82E0BA4AE176CB358B4B90D76B26DDA24565E081D0A252F86C589A9F6EBA5254A56CC04FB55A2B392F257236221636693FC7570C2E028087E2C4C32DCB0EC9DF78E394AB54D60B49F577F5C659BC2FEAFF4740E3C19155B12DD24D0F814F1F1B99771ED10A23F7AFF0220CF2A34059E11AC4C11C22CCC27AECD3E39353E9BF0D3C9FCC7F07215FB86F6F4BFF1707EB1162FE02DAA5DAD0A30E0940CC6B3023F10348BD7B90FE1481D5CF3C5A9778A35E60423E7DFEEDBD23EDBBA0346378F4285B66D2BF0C260929ED9D7A1AF5D33F84F1563DE71DEC88F71E30653E7927243185A897DF1133C65F2811373D9F1D2C1FA7BB5AC70E61005B5EB30E76F0C4DCBA2EFDCD9EC586F567036B14CF4A074B98463AF24B9FF2CA579E831DBE5D2ED97C666F9761EBEF7B0E803E8A479783258F905ADBA5A7B9C4DA97EE36D48F20073BF43BDBE47129AA5BE06C9D863AF4BAE259640740525667BF592C656EF66B98989DB90F6E351F1B1E2331F295DD3F36721A7BA1BDF8B3A99C97D84C53121B24A77769120FD99BC3C4F667743C581BF3227DE298262951894C8B0C90F5098B4A7456A8C7972FC81A66E40A2A6B8D9C489D512EADB169902B541AABCAF5863449912AF8BC488F6C9030A9422F0AF5F89A744A15765EA447364AB554E197A57A130699982A033B49D35401D312A4F63406199CCD57CCB1C3FF3FF4F12544C1A286A0FF1D3D660CAD41CB3AF41C583A4AF2457C8BCA2A921FBD8618104F0AE8949E931D0429F6088BF2B4F4EF20CC48958FD10CFA9FE39B0C2F337C8E108C66A110523B7636DBCFD354C5368F6F96F91CDBC5279066067431B8893F6441E857EDBE52AC002D10D4D7177B02D22A17D3BDC1625D214D93D810A8E8BE4BB88431DD51DCC1681912307413BBE00176691BA1D717B800DEBA7C8C6E07D10F84D8EDE3CB002C5210A102A3D6277F120EFBD1EADDFF1F2DB7A116600000, N'6.2.0-61023')
GO

INSERT INTO [dbo].[__MigrationHistory]  VALUES (N'201901010820102_AutomaticMigration', N'Blog.Models.BlogsContext', 0x1F8B0800000000000400ED5CCD72DB3610BE77A6EFC0E1A99D7144DBB9B41E2919C78ED34C63D98D9CDC21129239E58F4A80AEF46C3DF491FA0A0509900440500049C9B66C4E2EF102FB2D087C58FCEDEABF7FFE1DBF5F8781F50013E4C7D1C43E191DDB168CDCD8F3A3E5C44EF1E2CD2FF6FB773FFE30FEE8856BEB7B51EF6D568F68466862DF63BC3A731CE4DEC310A051E8BB498CE2051EB971E8002F764E8F8F7F754E4E1C48206C826559E3AF6984FD10E67F903F2FE2C8852B9C82E03AF66080989C94CC72546B0A428856C08513FB43102F47B49A6D9D073E204D98C160615B208A620C3069E0D93704673889A3E56C450420B8DBAC20A9B7000182ACE1675575D36F383ECDBEC1A9140B283745380E5B029EBC659DE2C8EA9DBAD62E3B8D74DB47D2BD78937D75DE7513FBDC0B7D822B5B3ABB0892AC96D0ADA3BCF29195898ECA3127D4C8FE1D59176980D3044E2298E2040447D66D3A0F7CF777B8B98BFF84D1244A83806F0C690E29130444749BC42B98E0CD57B8604DFCECD99623EA39B262A9C6E9D0F67F8EF0DB53DB9A12E3601EC072ACB96F9DE138819F60041380A1770B3086499461C0BCB76AD6255B84534944FE575824042393C4B6AEC1FA0B8C96F87E6293FFDAD695BF865E2161ADF816F9644E11259CA45067E81620F4779C787B37F429011ED475E076888B0492CECCE6723F9C6F2BAF03CED8A988BE9DFEC13C0D8DE99F551EE82F8F744C56899E838CFA221C0ADD12ECBB2030261CAD3E506EF77C09882FF517A477E9BADA07EBCEC7C1FE9D3FD90A61D23B7BB733234394A257311B6512984D4A516B989B92ADE963EC840E8560711040B715B94A8D8158B2AD6811FB5A7B1A574D7487AD8A1177D919C08CB679E581B192ADF314DFC7495E71F08719FC3544082C8D59C5AA0FBC7AA2ADE0DD26EEC9A75DF8EC03E1F6ED7D8C635366E795075ECBFE925EC6F419E459E20ECE96C2FF918268ED03E3AD67517FA0E5539C68D224D8B10D63A2CC3608C31099F284551F68F21434F9122FE3BD1B399FC7297707B4D72BAD04B8FBDFC89C7B5E42F6924F35C1E899D16C7665751F7F6A5D76985A97C30B5B7743BF41E0ADE88E71CF965EFD7D5CE665804FA8C76C64730BE547A83556CC4AC235363111FB76B1C5147406B1F8805EB580461D8C98DCD168D32D6F5D9BCA75DAC573525DBF28D1208897D94881245F92EB00B30B4C5AB30EC55D876A60D8ED530D82C935DAE53D434DBF2CD120B0D35C4D9FC935DAD5D6BB0650156930CA5D590DA22CD120D065A7A64EC5AAF953CE94B26CECD0381B26183B0D0139E36BB05A11D7C205E8308935A3D139176F66EDA357428AE1B84811C452B6B6B444161932B6526946490F5EF909C297008339C8BCC78517D6AA097EA1A1670B53FCD49797D7AAC38BDAD9FF2BDF2304D3C8DA55C75D916F09C9F2987F162C5BD06035D79C91190F12C516984CBC348C9AB6D1DBB4AB9597C7A8A4E648D5D2CA2355527324E6037818A55BD886C12F583C102F6FD14BDCB225F41327AFA38D1D69A8652639352A497B34999766ACCD9796CEAC55699BB056ADB71FD6B290146160A9A81DF3EBAC1F3866C631B6FDE8CC32B5BE09CF9A34F7E71F7BB244DA5F094CD9BAF7DA86CA62527830266A338BD83383388F98D01CA78828E1610AD9309B0C6693BC49EF3AAB243AB59F5C3A80FDCCB1696DFF316DB9F778CDDC29CF639D59539DDA3A30668BF27ED8523C390A084CD6C27FE6812282FBCC25C3FEE151584BF7F35D19ABD436206B83DE7E78CA0587F0209C78608A01538A0B9DAE5C69D037604BA3E6BECE34BBD98DD1A00ED1B3C5ADF8B11B0FFB8A394B2F11BB3256A96DC0D706BD3D79377A7F2D7836D595F6368C3C9643383464828161060C2B6F99BB92AC09C08067CDAACFF57890C75EF000B9E0D90C6671DFDF752C1BF40D86B251F3B98E240D8FE011A8A485E32A621F04D75508DB2DD734B6415EAFA9B4458B8AE005A14585F0D9B0343FDD74A5A84AD9809F6AB546725E4AE4AC453D6CD37E8E2F215C14010FC589875B961D92BFF64E2A5729AD3349F977F94ECADE28F5BF66507BB4A4556C8B74D383EF650F96D43B8FB20AA3D95FC145E0E74781A2C23588FC0544988606D9A7C727A7D2EF223C9FDF287010F2843BFBA61F2A1007EB11E206FDAC4BB5E14B1D9288A8D7A046A20790B8F720F92904EB9F79B42E314BBDC084CCFFFCDB7B47EB7741A9C701E9515AE6FCBF0C2609C9F79D7A1AF5D33F84F1563D091EEC88F71E3065E67B172421EFBD97D791129A7A6189F9EB2F94D2DB1EE20E96D9D35DAD888730800DEF62073B7862A65F2777B259F51BAF97BF92291EA80E9630B5E4E8973EE595EF45073B7CBB5CB2F93CE32EC3D6DFF71C007D14CF37074B1E21D1B74B4F7369BE2FDD6DA89F530E76E877B6C9E312665BE0B44E8A1D7A5DF1C0B2032029C7B4F7F191CF23EDD7303157741FDCAA3F5B3C469AE62BBBC9AC6558F6427BF16753394BB29E342536484E36D3A441D2D78B89EDCDB3F1A06DCC8BF4696C9A14492572566480AC4F9F54A2D3423DBE7CD5563323575059AB6568EA8C72499675835CA1D25859AE37A449D154C1E7457A6483F44D153A2BD4E36B923B55D879911ED928F153855F94EA4D18E485AA0CEC246954059C9520B5A731C827ADBF878E1DFE37E0C79710F9CB0A22FB45F88832B4022DEA64E7C0C251922FE25B545491FCE835C4807852904DE905D941906297B0284F92FF0E829454F918CEA1F739BA49F12AC5E708C1701E08C1B96367BBFD3C69566CF3F86695CFB15D7C0269A69F2D0637D187D40FBCB2DD578A15A00122F3F56C4F405A35C3D9DE60B92991A6716408C4BAEF12AE6094ED28EE60B80A0818BA8966E00176691BA1D717B804EEA678D66E06D10F84D8EDE34B1F2C1310228651E9933F0987BD70FDEE7FAF8697CF0A610000, N'6.2.0-61023')
GO

INSERT INTO [dbo].[__MigrationHistory]  VALUES (N'201901010959020_AutomaticMigration', N'Blog.Models.BlogsContext', 0x1F8B0800000000000400ED5DCD72DB3610BE77A6EFC0E1A99D7144DBB9B41E2919C78ED34CE39F464EEE1009C99CF2472540577AB61EFA487D8582044802202880A4245B3627176B81FD1604BE5D800096F9EF9F7FC7EF5761603DC204F97134B14F46C7B6052337F6FC6831B1533C7FF38BFDFEDD8F3F8C3F7AE1CAFA5ED47B9BD5239A119AD80F182FCF1C07B90F30046814FA6E12A3788E476E1C3AC08B9DD3E3E35F9D93130712089B6059D6F86B1A613F84F90FF2F3228E5CB8C42908AE630F0688C949C93447B56E4008D112B870627F08E2C58856B3ADF3C007A4095318CC6D0B44518C01260D3CFB86E0142771B4982E890004F7EB2524F5E620409035FCACAA6EFA0CC7A7D93338956201E5A608C7614BC093B7AC531C59BD53D7DA65A7916EFB48BA17AFB3A7CEBB6E629F7BA14F70654B67174192D512BA7594573EB232D15139E6841AD9BF23EB220D709AC04904539C80E0C8BA4B6781EFFE0ED7F7F19F309A446910F08D21CD2165828088EE92780913BCFE0AE7AC899F3DDB72443D47562CD5381DDAFECF117E7B6A5B37C4389805B01C6BEE59A7384EE02718C10460E8DD018C6112651830EFAD9A75C916E1541291BF0A8B8460C4496CEB1AACBEC068811F2636F9D3B6AEFC15F40A096BC5B7C8273E45947092429DA13B80D0DF71E2EDDCD0A7047850D7819B212E12483A33F3E57E38DF965E079CB153117D33FD83591A1AD33FAB3CD05F1EE998CC123D0719F5453814BA25D87741604C385A7DA0DCD6F9B2B7987D1190A0EDCFC930D209BC17C933ACBDB4FADEC7C11EFA268E3019F09DDB9912D6A5E8550418996E667146D41AC28D64EB662F81E24008160701745B91ABD4188825DB8AE6B1AFB5A709D54477587D197197BDD698D136AF3C3056B2759EE28738C92B0EF13083BF8608818531AB58F581574FB414BC5FC73DF9B48D987D20DCBE7B88716CCAECBCF2C06B395ED2FDA53E833C4DDC21D852F83F5210AD7C60BCF42CEA0FB47C8A379A3409B66CC39828D335C23044A63C61D5079A3C054DBEC48B78E746CE6771CAED01ED744B2B01EEEE1732E79E9790B5E45339187D6734F3AEACEEFE5DEBB2836B5D0E8786DD0DFD0681B7A42BC61D5B7AF5FB715994013EA11EB391F916CA5FA15658E195846BCC31117B76B1C514740AB17827A06A01BD4831627247A34D97BC756D2AD76917276475FDA24483206E66230592BC49AE03CC363069CD3A14B71DAA8161BB4F350826D76897FB0C35FDB24483C0DEE66AFA4CAED1AE96DE3580AA488351AECA6A10658906814E3B35752A56F94FE92965D9D8A157879860EC34DC311A5F83E5928416EECE119358537AE1E8E2CDB4FD859C9062382E52DCCB295B5B5A22930C195BA934A3A407AFFC04E14B80C10C64D1E3C20B6BD584B8D0D0B38529DEF5E5E9B5EAF0A276F677157B84FB41B276D57157E45942323DE68F05CB163458CD35A7C4E341A2580213C74BC3A86919BD49BB9A79798C4A6A8E544DAD3C52253547623180875186854D18FC84C503F1F216BDC44D5B423F71F23ADAD891865A669253A392B446937969C6DA7C6AE9CC5A95B6096BD57ABB612DBB65230C2C15B5637E9DF503C7CC38C6961F9D59A6D637E15993E6EEE2633F966C2FC2CA2B3581731B57715AD47A0339B13916BB29C3E330511BDF66871FA27733A1394E71CF85872964838F1BF8B8FCEAD0D5D7256AB677791DC06E3CFFA6E612376DFDF51573A77C4BECCC9AEA5DB203633628EF862DC541A880C0642DE2677E7D45089FB96458D5EC85B5F42DA32B6395DA06646DD0DB0D4FB92B2B3C08271E9862C094629BA92B571AF40DD8D2A8B9AB37ADEDACC6E8551331B2C5ADF8B19D08FB8A394BB736BB3256A96DC0D706BD1D4537BAAB2E4436D546FB268CFC8689F0D2900906861930ACDCFBEE4AB22600039E35AB3ED7D783FC46080F900B9ECD6016A7105DC7B241DF60281B359FEB48D24B1B3C0295B4085CC58D0C217415C276D335BD7121CFD754DAA245C5950AA14585F0D9B0347FBBE94A5195B2013FD56A8DE4BC94C859BB8BB149FB399ECF70771B78284E3CECB26C91FCB5D35BB94A699D49CADFE5E92D3B39D57F36A276944AABD816E9A647DFCB8E5169741E651546D3BF828BC0CF5F058A0AD720F2E710617A61C93E3D3E39953E40F17C3E06E120E40927094D5F8410076B0FB719FDAC4BB597AA7AA6F9468F20711F40F25308563FF3685D6E52F502133EB1903F7BEF1C822E28F5DB497A94961F5778194C12BE72D0A9A7513FFD43186FD541E5C18E78DF01DB6AEC517F46A0138FE48F08F46A97F0A1807E4F286680F5C21213FE5FA8B76D3A233C58A7BBD99AC31CC000361CD91DECE089A9915DFA9B9EFD0D93EC06D628CECE0E9630B56CF297EEF2CAA3AC831DBE6D4ED97C62769761EB1F7B0E803E8A93A583258F9019DDA5A7B9BCE8971E36D4273D073BF45B5BE47119C62D705A67110FBDAE38FBD902909494DBFBF5914FBCEDD73031B97617DCAA9FA8EC23AFF5956DB2D652527BA1BDF8775339ADB49E65263648CECED3E48DD2839589EDCDB2F1A06DCC8BF4797F9A9C522572566480ACCF3755A2D3423DBEBC71573323575059ABA5B4EA8C7259A975835CA1D25859AE37A4C96955C1E7457A64837C57153A2BD4E36BB26155D879911ED9285356855F94EA4D1824D2AA0C6C25CB56059C952075A43148C0AD1FD58E1DFEFF01185F42E42F2A88EC7F058828432BD0A24EF61E58044AF2447C8B8A2A521CBD861890480A32979E9315042976098BF2AF0A7C07414AAA7C0C67D0FB1CDDA67899E2738460380B847BC36367B3FD3CCB586CF3F87699FBD8361E8134D3CF2683DBE843EA075ED9EE2BC50CD00091C57AB62620AD9AE26C6DB058974837716408C4BAEF122E6194AD28EE61B80C0818BA8DA6E01176691BA1D717B800EEBA38716F06D10F84D8EDE34B1F2C1210228651E9939F84C35EB87AF73FF4B16A700E630000, N'6.2.0-61023')
GO

INSERT INTO [dbo].[__MigrationHistory]  VALUES (N'201901011008518_InitialCreate2', N'Blog.Models.BlogsContext', 0x1F8B0800000000000400ED5DCD72DB3610BE77A6EFC0E1A99D7144DBB9B41E2919C78ED34CE39F464EEE1009C99CF2472540577AB61EFA487D8582044802202880A4245B3627176B81FD1604BE5D800096F9EF9F7FC7EF5761603DC204F97134B14F46C7B6052337F6FC6831B1533C7FF38BFDFEDD8F3F8C3F7AE1CAFA5ED47B9BD5239A119AD80F182FCF1C07B90F30046814FA6E12A3788E476E1C3AC08B9DD3E3E35F9D93130712089B6059D6F86B1A613F84F90FF2F3228E5CB8C42908AE630F0688C949C93447B56E4008D112B870627F08E2C58856B3ADF3C007A4095318CC6D0B44518C01260D3CFB86E0142771B4982E890004F7EB2524F5E620409035FCACAA6EFA0CC7A7D93338956201E5A608C7614BC093B7AC531C59BD53D7DA65A7916EFB48BA17AFB3A7CEBB6E629F7BA14F70654B67174192D512BA7594573EB232D15139E6841AD9BF23EB220D709AC04904539C80E0C8BA4B6781EFFE0ED7F7F19F309A446910F08D21CD2165828088EE92780913BCFE0AE7AC899F3DDB72443D47562CD5381DDAFECF117E7B6A5B37C4389805B01C6BEE59A7384EE02718C10460E8DD018C6112651830EFAD9A75C916E1541291BF0A8B8460C4496CEB1AACBEC068811F2636F9D3B6AEFC15F40A096BC5B7C8273E45947092429DA13B80D0DF71E2EDDCD0A7047850D7819B212E12483A33F3E57E38DF965E079CB153117D33FD83591A1AD33FAB3CD05F1EE998CC123D0719F5453814BA25D87741604C385A7DA0DCD6F9B2B7987D1190A0EDCFC930D209BC17C933ACBDB4FADEC7C11EFA268E3019F09DDB9912D6A5E8550418996E667146D41AC28D64EB662F81E24008160701745B91ABD4188825DB8AE6B1AFB5A709D54477587D197197BDD698D136AF3C3056B2759EE28738C92B0EF13083BF8608818531AB58F581574FB414BC5FC73DF9B48D987D20DCBE7B88716CCAECBCF2C06B395ED2FDA53E833C4DDC21D852F83F5210AD7C60BCF42CEA0FB47C8A379A3409B66CC39828D335C23044A63C61D5079A3C054DBEC48B78E746CE6771CAED01ED744B2B01EEEE1732E79E9790B5E45339187D6734F3AEACEEFE5DEBB2836B5D0E8786DD0DFD0681B7A42BC61D5B7AF5FB715994013EA11EB391F916CA5FA15658E195846BCC31117B76B1C514740AB17827A06A01BD4831627247A34D97BC756D2AD76917276475FDA24483206E66230592BC49AE03CC363069CD3A14B71DAA8161BB4F350826D76897FB0C35FDB24483C0DEE66AFA4CAED1AE96DE3580AA488351AECA6A10658906814E3B35752A56F94FE92965D9D8A157879860EC34DC311A5F83E5928416EECE119358537AE1E8E2CDB4FD859C9062382E52DCCB295B5B5A22930C195BA934A3A407AFFC04E14B80C10C64D1E3C20B6BD584B8D0D0B38529DEF5E5E9B5EAF0A276F677157B84FB41B276D57157E45942323DE68F05CB163458CD35A7C4E341A2580213C74BC3A86919BD49BB9A79798C4A6A8E544DAD3C52253547623180875186854D18FC84C503F1F216BDC44D5B423F71F23ADAD891865A669253A392B446937969C6DA7C6AE9CC5A95B6096BD57ABB612DBB65230C2C15B5637E9DF503C7CC38C6961F9D59A6D637E15993E6EEE2633F966C2FC2CA2B3581731B57715AD47A0339B13916BB29C3E330511BDF66871FA27733A1394E71CF85872964838F1BF8B8FCEAD0D5D7256AB677791DC06E3CFFA6E612376DFDF51573A77C4BECCC9AEA5DB203633628EF862DC541A880C0642DE2677E7D45089FB96458D5EC85B5F42DA32B6395DA06646DD0DB0D4FB92B2B3C08271E9862C094629BA92B571AF40DD8D2A8B9AB37ADEDACC6E8551331B2C5ADF8B19D08FB8A394BB736BB3256A96DC0D706BD1D4537BAAB2E4436D546FB268CFC8689F0D2900906861930ACDCFBEE4AB22600039E35AB3ED7D783FC46080F900B9ECD6016A7105DC7B241DF60281B359FEB48D24B1B3C0295B4085CC58D0C217415C276D335BD7121CFD754DAA245C5950AA14585F0D9B0347FBBE94A5195B2013FD56A8DE4BC94C859BB8BB149FB399ECF70771B78284E3CECB26C91FCB5D35BB94A699D49CADFE5E92D3B39D57F36A276944AABD816E9A647DFCB8E5169741E651546D3BF828BC0CF5F058A0AD720F2E710617A61C93E3D3E39953E40F17C3E06E120E40927094D5F8410076B0FB719FDAC4BB597AA7AA6F9468F20711F40F25308563FF3685D6E52F502133EB1903F7BEF1C822E28F5DB497A94961F5778194C12BE72D0A9A7513FFD43186FD541E5C18E78DF01DB6AEC517F46A0138FE48F08F46A97F0A1807E4F286680F5C21213FE5FA8B76D3A233C58A7BBD99AC31CC000361CD91DECE089A9915DFA9B9EFD0D93EC06D628CECE0E9630B56CF297EEF2CAA3AC831DBE6D4ED97C62769761EB1F7B0E803E8A93A583258F9019DDA5A7B9BCE8971E36D4273D073BF45B5BE47119C62D705A67110FBDAE38FBD902909494DBFBF5914FBCEDD73031B97617DCAA9FA8EC23AFF5956DB2D652527BA1BDF8775339ADB49E65263648CECED3E48DD2839589EDCDB2F1A06DCC8BF4797F9A9C522572566480ACCF3755A2D3423DBEBC71573323575059ABA5B4EA8C7259A975835CA1D25859AE37A4C96955C1E7457A64837C57153A2BD4E36BB26155D879911ED9285356855F94EA4D1824D2AA0C6C25CB56059C952075A43148C0AD1FD58E1DFEFF01185F42E42F2A88EC7F058828432BD0A24EF61E58044AF2447C8B8A2A521CBD861890480A32979E9315042976098BF2AF0A7C07414AAA7C0C67D0FB1CDDA67899E2738460380B847BC36367B3FD3CCB586CF3F87699FBD8361E8134D3CF2683DBE843EA075ED9EE2BC50CD00091C57AB62620AD9AE26C6DB058974837716408C4BAEF122E6194AD28EE61B80C0818BA8DA6E01176691BA1D717B800EEBA38716F06D10F84D8EDE34B1F2C1210228651E9939F84C35EB87AF73FF4B16A700E630000, N'6.2.0-61023')
GO

INSERT INTO [dbo].[__MigrationHistory]  VALUES (N'201901021046275_InitialCreate3', N'Blog.Models.BlogsContext', 0x1F8B0800000000000400ED5DCD72DB3610BE77A6EFC0E1A99D4944DBB9B41E2919C78E534FE39F464EEE1009C99CF2472540577AB61EFA487D8582044802202840A47E6D4E2ED602FB0104BE5D00C42EF3DF3FFF0E3F2CC2C07A8609F2E368649F0E4E6C0B466EECF9D16C64A778FAF617FBC3FB1F7F187EF2C285F5BDA8F72EAB47342334B29F309E9F3B0E729F6008D020F4DD2446F1140FDC387480173B672727BF3AA7A70E241036C1B2ACE1D734C27E08F31FE4E7651CB9708E5310DCC61E0C10939392718E6ADD8110A23970E1C8FE18C4B301AD665B17810F4817C63098DA1688A218034C3A78FE0DC1314EE268369E1301081E977348EA4D418020EBF87955DDF4194ECEB267702AC502CA4D118EC335014FDFB1417164F556436B97834686ED13195EBCCC9E3A1FBA917DE1853EC1955B3ABF0C92AC9630AC83BCF21B2B13BD29E79C5023FBF7C6BA4C039C267014C114272078633DA493C0777F87CBC7F84F188DA23408F8CE90EE90324140440F493C87095E7E8553D6C51BCFB61C51CF91154B354E87F6FF26C2EFCE6CEB8E340E26012CE79A7BD6318E13F819463001187A0F006398441906CC47ABD6BAD416E1541291BF8A1609C18891D8D62D587C81D10C3F8D6CF2A76D5DFB0BE81512D68B6F914F6C8A28E12485BA861E00427FC789B7F5863E27C083BA015C0D7199403298992D77C3F936F75AE00C9D8AE8ABE91F4CD2D098FE59E59EFEF24CC76495E838C9A82BC2B1D02DC1BE0B0263C2D1EA3DE536CE979DF9ECCB80386D7F4AA6912EE09D489E61EDA4D78F3E0E7630367184C9846FBD9D31615D8A5E858391E966E66744ADDEDD486DDDEDC4511C09C1E22080EE5AE42A357A62C96D45D3D8D7B6A771D544B7DF7D1971971D6BCC689B57EE192BB57591E2A738C92BF6FE3083BF8508819931AB58F59E577BDA0A3E2EE38E7CDA84CFDE2FB7D52B807EB6CD5791AD4DDF6F1078F3A718C71B6EC9D8DC1F68E366C69E57EE4D5D5E42E82BB72E5C1B276EBFFE50F83F52102D7C60BC1B2FEAF7B4DCC7212F4D827D79AEF112611822539EB0EA3D4DF641932FF16CD32B9CC20F4FE2947B2DB6D5B77C0970B7BFB7BBF0BC846CAFF76560740364665D59DDDD9BD6550BD3BAEAEF510F6FBBDABFA2AC1962E665804FA8C7DAC86C0BE5A7CA05565825E11A334CC49E5DEC31051D432C8649543DA0B12503267734DA74CB5BD7A6729D76716958D72F4A3408E2FB7DA44092EF0D7480D93B5D5AB30EC5BD21D6C0B01772350826D76897AF5E6AFA658906819DE66AFA4CAED1AEB6DE3580AA488351EECA6A10658906812E3B35752A56D94F692965D9D0A1D1544C30741AC2AE86B7603E27AE850BC362126B4C63B02EDF8ED78F510A2986E32245A852D9DBB225B2C890B9954A334A7AF0DA4F10BE02184C40E63D2EBDB0564DF00B0D235B34C59BBEBCBC56035ED4CEFEAE7C8F1032256B5703774D9E2524CB63FE58B0EC4143ABB9E698583C48145B6062786918356DA35769572B2F8F5149CD91AAA59547AAA4E648CC07F0304AB7B00A835FB078205EBEC62871CB96304E9CBC8E3674A4A99699E4D4A824EDD1645E9AB1365F5A5AB356A56DC25AB5DE7658CB028F8489A5A2F5985F677DCF31338EB1ED476B96A9F54D78D6A4B93DFFD88D259BF3B0F24E4DE0DCCA5D9C16B5DE414E6C8EC58287781C265AC7B6D97D9068DD4C688E5384FEF03085ACB771031B978F0E6D6D5DA2E6FA26AF03D88EE5DFD54CE26E5D7B7DC5DC294F89AD59539D255B306685F276D852DC0D0B084CB686FFCC237A04F7994BFA5DCD4E584B4F196D19ABD436206B83DE7678CA45F1F0209CB8678A01538AD74C6DB9D2A06FC09646CD6D9DB436B31BA3D137A2678BD7E2C7663CEC21707695EF9667AB90ED7205E0EE2E78184E7C3076485FD7B6B542A5B6810D36E86DC963D39B02C15BAB2E0F5661E45133C24128131C97D5EC8961E5FBFCB6246B0230E059B3EAA11E79F228171E20171CCC6416372B6DE7B241DF602A1B350F752669200A8F40256B38AE22CA44705D8570BD2D088D2291F72054BA468F8A3011A14785F060589AAFD76D29AA5236E0A75AAD919C5712396BF125ABB40FF1CEA9CD9EA77F73D49AFCB51B69B94AD93A9394BFCB1B69761BACFF3A48ED7A9856B12D324CCFBE975D0D53EF3CC82A0CC67F0597819F1F6F8A0AB720F2A710611A84659F9D9C9E49DF19399C6F7E380879C2ED48D3873FC4C9DA4184A69F0DA93650AC633677F40C12F709243F8560F1338FD6263AAC1398F0258DFCD93BA78AB441A9475CE951D6FC86C6CB6092F0318B56238DBAE91FC37CAB2E5F8F76C6BB4ED8467D8FFA6B11AD78247F2BA253BF84EF41747B4231D1AF1396F85D87176A6DABEE3D8FD6E8EE3666304730810DD790473B7962066C9BF1A6F799FD22BB82358AFBC0A3254CEDA3012FDDE495D773473B7D9B5CB2F9FCFB36D3D6DDF7EC8F3E6A3F76D3E969784FD869626AA94A6BA0AD993DFF32AC4248636F33755C12FB4BF787EA2BACA39DFA8DED5EB974F06D989BF2BAA91F753EBBBA13909441DDF95CCC674977EB989809BD0D6ED5AF8A769184FCCADE1E7759945FE1A15BCE01AEA7048A1D9253293549BEF4C668647B936C3E681FF3227D92A6260158899C151920EB938395E8B4508F2FBF91AC35235750B556CB3FD635CAA510D71BE40A958D95E5FA863409C82AF8BC488F6C909CAC4267857A7C4DEAB20A3B2FD2231BA535ABF08B527D130659CFAA06369212AD02CE4A90DAD318644BD7EFA0870EFFFF580CAF20F2671544F6BF5A4494A1156851273BE0168E923C11DFA3A28AE4476F2106C49382CCA4A76407418A5DC2A2FC1310DF4190922A9FC209F46EA2FB14CF537C81100C278110E43D7456B79FA7848B7D1EDECF731BDBC423906EFAD962701F7D4CFDC02BFB7DAD58011A20325FCFF604A457639CED0D66CB12E92E8E0C81D8F05DC1398CB21DC5230CE7010143F7D1183CC3367D23F4FA0267C05D16A104CD20FA8910877D78E583590242C4302A7DF29370D80B17EFFF070C9891BDCE650000, N'6.2.0-61023')
GO


-- ----------------------------
-- Table structure for Admins
-- ----------------------------
IF EXISTS (SELECT * FROM sys.all_objects WHERE object_id = OBJECT_ID(N'[dbo].[Admins]') AND type IN ('U'))
	DROP TABLE [dbo].[Admins]
GO

CREATE TABLE [dbo].[Admins] (
  [Id] int IDENTITY(1,1) NOT NULL,
  [Username] nvarchar(max) COLLATE SQL_Latin1_General_CP1_CI_AS NULL,
  [Password] nvarchar(max) COLLATE SQL_Latin1_General_CP1_CI_AS NULL,
  [Grade] int NOT NULL,
  [Createtime] int NOT NULL,
  [Updatetime] int NOT NULL
)
GO

ALTER TABLE [dbo].[Admins] SET (LOCK_ESCALATION = TABLE)
GO


-- ----------------------------
-- Records of [Admins]
-- ----------------------------
SET IDENTITY_INSERT [dbo].[Admins] ON
GO

INSERT INTO [dbo].[Admins] ([Id], [Username], [Password], [Grade], [Createtime], [Updatetime]) VALUES (N'1', N'admin', N'779199', N'1', N'1', N'1')
GO

INSERT INTO [dbo].[Admins] ([Id], [Username], [Password], [Grade], [Createtime], [Updatetime]) VALUES (N'2', N'admin2', N'admin2', N'2', N'1', N'1')
GO

SET IDENTITY_INSERT [dbo].[Admins] OFF
GO


-- ----------------------------
-- Table structure for Albums
-- ----------------------------
IF EXISTS (SELECT * FROM sys.all_objects WHERE object_id = OBJECT_ID(N'[dbo].[Albums]') AND type IN ('U'))
	DROP TABLE [dbo].[Albums]
GO

CREATE TABLE [dbo].[Albums] (
  [Id] int IDENTITY(1,1) NOT NULL,
  [Cover] int NOT NULL,
  [User] int NOT NULL,
  [Createtime] int NOT NULL,
  [Updatetime] int NOT NULL
)
GO

ALTER TABLE [dbo].[Albums] SET (LOCK_ESCALATION = TABLE)
GO


-- ----------------------------
-- Table structure for Articals
-- ----------------------------
IF EXISTS (SELECT * FROM sys.all_objects WHERE object_id = OBJECT_ID(N'[dbo].[Articals]') AND type IN ('U'))
	DROP TABLE [dbo].[Articals]
GO

CREATE TABLE [dbo].[Articals] (
  [Id] int IDENTITY(1,1) NOT NULL,
  [User] int NOT NULL,
  [Classification] int NOT NULL,
  [Content] nvarchar(max) COLLATE SQL_Latin1_General_CP1_CI_AS NULL,
  [Status] int NOT NULL,
  [Createtime] int NOT NULL,
  [Updatetime] int NOT NULL,
  [Title] nvarchar(max) COLLATE SQL_Latin1_General_CP1_CI_AS NULL,
  [Username] nvarchar(max) COLLATE SQL_Latin1_General_CP1_CI_AS NULL,
  [Classname] nvarchar(max) COLLATE SQL_Latin1_General_CP1_CI_AS NULL
)
GO

ALTER TABLE [dbo].[Articals] SET (LOCK_ESCALATION = TABLE)
GO


-- ----------------------------
-- Records of [Articals]
-- ----------------------------
SET IDENTITY_INSERT [dbo].[Articals] ON
GO

INSERT INTO [dbo].[Articals] ([Id], [User], [Classification], [Content], [Status], [Createtime], [Updatetime], [Title], [Username], [Classname]) VALUES (N'9', N'1', N'8', N'
        
    <div style="background-color:#f1f1f1; border:1px solid #ccc;" class="w-e-toolbar" id="toolbar-elem5897561769266682"><div class="w-e-menu" style="z-index:10001;"><i class="w-e-icon-header"></i></div><div class="w-e-menu" style="z-index:10001;">
            <i class="w-e-icon-bold"></i>
        </div><div class="w-e-menu" style="z-index:10001;"><i class="w-e-icon-text-heigh"></i></div><div class="w-e-menu" style="z-index:10001;"><i class="w-e-icon-font"></i></div><div class="w-e-menu" style="z-index:10001;">
            <i class="w-e-icon-italic"></i>
        </div><div class="w-e-menu" style="z-index:10001;">
            <i class="w-e-icon-underline"></i>
        </div><div class="w-e-menu" style="z-index:10001;">
            <i class="w-e-icon-strikethrough"></i>
        </div><div class="w-e-menu" style="z-index:10001;"><i class="w-e-icon-pencil2"></i></div><div class="w-e-menu" style="z-index:10001;"><i class="w-e-icon-paint-brush"></i></div><div class="w-e-menu" style="z-index:10001;"><i class="w-e-icon-link"></i></div><div class="w-e-menu" style="z-index:10001;"><i class="w-e-icon-list2"></i></div><div class="w-e-menu" style="z-index:10001;"><i class="w-e-icon-paragraph-left"></i></div><div class="w-e-menu" style="z-index:10001;">
            <i class="w-e-icon-quotes-left"></i>
        </div><div class="w-e-menu" style="z-index:10001;">
            <i class="w-e-icon-happy"></i>
        </div><div class="w-e-menu" id="w-e-img33553120219457155" style="z-index:10001;"><i class="w-e-icon-image"></i></div><div class="w-e-menu" style="z-index:10001;"><i class="w-e-icon-table2"></i></div><div class="w-e-menu" style="z-index:10001;"><i class="w-e-icon-play"></i></div><div class="w-e-menu" style="z-index:10001;">
            <i class="w-e-icon-terminal"></i>
        </div><div class="w-e-menu" style="z-index:10001;">
            <i class="w-e-icon-undo"></i>
        </div><div class="w-e-menu" style="z-index:10001;">
            <i class="w-e-icon-redo"></i>
        </div></div><div style="border:1px solid #ccc; border-top:none; height:300px; z-index:10000;" class="w-e-text-container"><div contenteditable="true" style="width:100%; height:100%;" class="w-e-text" id="text-elem20207871930976484"><div itemprop="text"><p>I am trying to implement pagination and sorting with generic repository. How to take primary key column as default order by column in DbSet ?</p><pre><code>DbSet = Context.Set&lt;T&gt;();

public IQueryable&lt;T&gt; GetAll(int pageNumber = 0, int pageSize = 10, string sortColumn = "")
{
    return DbSet.OrderBy("how to use primary key column here").Skip(pageNumber * pageSize)Take(pageSize);
}</code></pre></div><div><h1 id="jumpto_1">回答1:</h1></div><div itemprop="text"><p>I have used these extension methods to achieve something similar:</p><pre><code>public static string GetKeyField(Type type)
{
    var allProperties = type.GetProperties();

    var keyProperty = allProperties.SingleOrDefault(p =&gt; p.IsDefined(typeof(KeyAttribute)));

    return keyProperty != null ? keyProperty.Name : null;
}

public static IQueryable&lt;T&gt; OrderBy&lt;T&gt;(this IQueryable&lt;T&gt; source, string orderBy)
{
    return source.GetOrderByQuery(orderBy, "OrderBy");
}

public static IQueryable&lt;T&gt; OrderByDescending&lt;T&gt;(this IQueryable&lt;T&gt; source, string orderBy)
{
    return source.GetOrderByQuery(orderBy, "OrderByDescending");
}

private static IQueryable&lt;T&gt; GetOrderByQuery&lt;T&gt;(this IQueryable&lt;T&gt; source, string orderBy, string methodName)
    {
        var sourceType = typeof(T);
        var property = sourceType.GetProperty(orderBy);
        var parameterExpression = Expression.Parameter(sourceType, "x");
        var getPropertyExpression = Expression.MakeMemberAccess(parameterExpression, property);
        var orderByExpression = Expression.Lambda(getPropertyExpression, parameterExpression);
        var resultExpression = Expression.Call(typeof(Queryable), methodName,
                                               new[] { sourceType, property.PropertyType }, source.Expression,
                                               orderByExpression);

        return source.Provider.CreateQuery&lt;T&gt;(resultExpression);
    }</code></pre><p>This allows you to pass the property name as a string and build up an expression which it passes to the regular LINQ OrderBy() function. So in your case, the usage would be:</p><pre><code>DbSet = Context.Set&lt;T&gt;();

public IQueryable&lt;T&gt; GetAll(int pageNumber = 0, int pageSize = 10, string sortColumn = "")
{
    return DbSet.OrderBy(GetKeyField(typeof(T))).Skip(pageNumber * pageSize)Take(pageSize);
}</code></pre><p>This assumes your key field in your entity class is properly decorated with the&nbsp;<code>Key</code>&nbsp;attribute.</p></div><br><br><div><h1 id="jumpto_2">回答2:</h1></div><div itemprop="text"><p>One way would be to have all your entities inherit from some interface that allows you to retrieve their primary key value :</p><pre><code>public interface IIdentifiableEntity 
{
    public int Id {get; set;}
}</code></pre><p>Then implementations would be like :</p><pre><code>public class User : IIdentifiableEntity
{
   public int UserId {get; set;}

   //other properties...

   public int Id { get { return UserId; } set { UserId = value; } } 
}</code></pre><p>Then it would be as easy as ordering by the&nbsp;<code>Id</code>. This pattern can help you in other areas as well.</p></div></div></div>', N'1', N'1546337447', N'1546337447', N'借助System.Linq.Dynamic， IQueryable根据排序字符串排序', N'452840', N'科技')
GO

INSERT INTO [dbo].[Articals] ([Id], [User], [Classification], [Content], [Status], [Createtime], [Updatetime], [Title], [Username], [Classname]) VALUES (N'10', N'1', N'8', N'
        
    <div style="background-color:#f1f1f1; border:1px solid #ccc;" class="w-e-toolbar" id="toolbar-elem26284628104381436"><div class="w-e-menu" style="z-index:10001;"><i class="w-e-icon-header"></i></div><div class="w-e-menu" style="z-index:10001;">
            <i class="w-e-icon-bold"></i>
        </div><div class="w-e-menu" style="z-index:10001;"><i class="w-e-icon-text-heigh"></i></div><div class="w-e-menu" style="z-index:10001;"><i class="w-e-icon-font"></i></div><div class="w-e-menu" style="z-index:10001;">
            <i class="w-e-icon-italic"></i>
        </div><div class="w-e-menu" style="z-index:10001;">
            <i class="w-e-icon-underline"></i>
        </div><div class="w-e-menu" style="z-index:10001;">
            <i class="w-e-icon-strikethrough"></i>
        </div><div class="w-e-menu" style="z-index:10001;"><i class="w-e-icon-pencil2"></i></div><div class="w-e-menu" style="z-index:10001;"><i class="w-e-icon-paint-brush"></i></div><div class="w-e-menu" style="z-index:10001;"><i class="w-e-icon-link"></i></div><div class="w-e-menu" style="z-index:10001;"><i class="w-e-icon-list2"></i></div><div class="w-e-menu" style="z-index:10001;"><i class="w-e-icon-paragraph-left"></i></div><div class="w-e-menu" style="z-index:10001;">
            <i class="w-e-icon-quotes-left"></i>
        </div><div class="w-e-menu" style="z-index:10001;">
            <i class="w-e-icon-happy"></i>
        </div><div class="w-e-menu" id="w-e-img470307026854909" style="z-index:10001;"><i class="w-e-icon-image"></i></div><div class="w-e-menu" style="z-index:10001;"><i class="w-e-icon-table2"></i></div><div class="w-e-menu" style="z-index:10001;"><i class="w-e-icon-play"></i></div><div class="w-e-menu" style="z-index:10001;">
            <i class="w-e-icon-terminal"></i>
        </div><div class="w-e-menu" style="z-index:10001;">
            <i class="w-e-icon-undo"></i>
        </div><div class="w-e-menu" style="z-index:10001;">
            <i class="w-e-icon-redo"></i>
        </div></div><div style="border:1px solid #ccc; border-top:none; height:300px; z-index:10000;" class="w-e-text-container"><div contenteditable="true" style="width:100%; height:100%;" class="w-e-text" id="text-elem0038576805446954854"><div><div><a href="javascript:void(0);" onclick="copyCnblogsCode(this)" title="复制代码"><img src="https://common.cnblogs.com/images/copycode.gif" alt="复制代码"></a></div><pre> 1 &lt;html xmlns="http://www.w3.org/1999/xhtml" &gt;
 2 &lt;head&gt;
 3 &lt;title&gt;标题页-学无忧（www.xue51.com）&lt;/title&gt;
 4 &lt;Script language="JavaScript" type="text/javascript"&gt;
 5 function chk(num){
 6  alert( (num%2 ==0) ?"偶数":"奇数");  //判断是否能整除2
 7 }
 8 &lt;/Script&gt;
 9 &lt;/head&gt;
10 &lt;body&gt;
11 &lt;input type=text name="txt1" value="4"&gt;
12 &lt;input type=button value="判断" onClick="chk(txt1.value)"&gt;
13 &lt;/body&gt;
14 &lt;/html&gt;</pre><div><a href="javascript:void(0);" onclick="copyCnblogsCode(this)" title="复制代码"><img src="https://common.cnblogs.com/images/copycode.gif" alt="复制代码"></a></div></div><p>运行结果</p><p><img src="https://images2015.cnblogs.com/blog/826333/201703/826333-20170321151716486-258547621.png" alt=""></p><p>【难点剖析】</p><p>本例的重点是一个三元运算符=三元运算符的使用语法如下所示：其中表达式运算的结果必须是bool（布尔)型，如果返回“true”则取“?”后面的第一个值，否则取第二个值。两个值之间用“：”间隔。</p><p>&nbsp;</p></div></div>', N'0', N'1546337506', N'1546337506', N'JS实现奇偶数的判断', N'452840', N'科技')
GO

INSERT INTO [dbo].[Articals] ([Id], [User], [Classification], [Content], [Status], [Createtime], [Updatetime], [Title], [Username], [Classname]) VALUES (N'11', N'8', N'5', N'
        
    <div style="background-color:#f1f1f1; border:1px solid #ccc;" class="w-e-toolbar" id="toolbar-elem9336404392461803"><div class="w-e-menu" style="z-index:10001;"><i class="w-e-icon-header"></i></div><div class="w-e-menu" style="z-index:10001;">
            <i class="w-e-icon-bold"></i>
        </div><div class="w-e-menu" style="z-index:10001;"><i class="w-e-icon-text-heigh"></i></div><div class="w-e-menu" style="z-index:10001;"><i class="w-e-icon-font"></i></div><div class="w-e-menu" style="z-index:10001;">
            <i class="w-e-icon-italic"></i>
        </div><div class="w-e-menu" style="z-index:10001;">
            <i class="w-e-icon-underline"></i>
        </div><div class="w-e-menu" style="z-index:10001;">
            <i class="w-e-icon-strikethrough"></i>
        </div><div class="w-e-menu" style="z-index:10001;"><i class="w-e-icon-pencil2"></i></div><div class="w-e-menu" style="z-index:10001;"><i class="w-e-icon-paint-brush"></i></div><div class="w-e-menu" style="z-index:10001;"><i class="w-e-icon-link"></i></div><div class="w-e-menu" style="z-index:10001;"><i class="w-e-icon-list2"></i></div><div class="w-e-menu" style="z-index:10001;"><i class="w-e-icon-paragraph-left"></i></div><div class="w-e-menu" style="z-index:10001;">
            <i class="w-e-icon-quotes-left"></i>
        </div><div class="w-e-menu" style="z-index:10001;">
            <i class="w-e-icon-happy"></i>
        </div><div class="w-e-menu" id="w-e-img8797050626610476" style="z-index:10001;"><i class="w-e-icon-image"></i></div><div class="w-e-menu" style="z-index:10001;"><i class="w-e-icon-table2"></i></div><div class="w-e-menu" style="z-index:10001;"><i class="w-e-icon-play"></i></div><div class="w-e-menu" style="z-index:10001;">
            <i class="w-e-icon-terminal"></i>
        </div><div class="w-e-menu" style="z-index:10001;">
            <i class="w-e-icon-undo"></i>
        </div><div class="w-e-menu" style="z-index:10001;">
            <i class="w-e-icon-redo"></i>
        </div></div><div style="border:1px solid #ccc; border-top:none; height:300px; z-index:10000;" class="w-e-text-container"><div contenteditable="true" style="width:100%; height:100%;" class="w-e-text" id="text-elem7392881726226594"><p>1月1日，有网友爆料晒出疑似奶茶妹妹章泽天的朋友圈，其总结过去一年，称婚姻、工作生活都更没有文雅的词可以总结了，疑似回应刘强东一事。</p><p>朋友圈全文：</p><p>最丧的这一年想来想去只有三个字来总结：傻b了(实在没有一个更文雅的词能放在这里)。不论是婚姻上天降横祸傻b了，还是工作生活上猛然发现自己早已在傻b的路上而不自知。很多人在上周恭喜我，还有说经过了考验就会涅槃，大家都在告诉我一切告一段落了你可以安心了。其实恰恰相反。外部压力解除了，才是必须直面自己内心感受的时候。人生不容易，每个人降生的第一件事都是哭。</p><p>当然，生活不会因谁的悲伤而停止，新年的钟声依旧敲响，在欢声烟火中只能说一句，shit happens。</p><div><img src="https://ss0.baidu.com/6ONWsjip0QIZ8tyhnq/it/u=644140968,2961481365&amp;fm=173&amp;app=25&amp;f=JPEG?w=630&amp;h=745&amp;s=AE14CC031B1F53ED18E9A9D10100D0A3"></div><div><img width="528px" src="https://ss2.baidu.com/6ONYsjip0QIZ8tyhnq/it/u=206535572,611095212&amp;fm=173&amp;app=25&amp;f=JPEG?w=528&amp;h=522&amp;s=3EBA338E4A32029E7499FE8D03006087"></div><p>此前曝光的中秋节朋友圈。</p><div><img src="https://ss2.baidu.com/6ONYsjip0QIZ8tyhnq/it/u=4025203940,1366869251&amp;fm=173&amp;app=25&amp;f=JPEG?w=581&amp;h=372&amp;s=C000FC1D52645AAA06DDB8D7030010E3"></div></div></div>', N'0', N'1546393013', N'1546393013', N'网曝疑似章泽天朋友圈：最丧的一年 傻B了', N'779199', N'娱乐')
GO

INSERT INTO [dbo].[Articals] ([Id], [User], [Classification], [Content], [Status], [Createtime], [Updatetime], [Title], [Username], [Classname]) VALUES (N'12', N'1002', N'8', N'
        
    <div style="background-color:#f1f1f1; border:1px solid #ccc;" class="w-e-toolbar" id="toolbar-elem40352679660624835"><div class="w-e-menu" style="z-index:10001;"><i class="w-e-icon-header"></i></div><div class="w-e-menu" style="z-index:10001;">
            <i class="w-e-icon-bold"></i>
        </div><div class="w-e-menu" style="z-index:10001;"><i class="w-e-icon-text-heigh"></i></div><div class="w-e-menu" style="z-index:10001;"><i class="w-e-icon-font"></i></div><div class="w-e-menu" style="z-index:10001;">
            <i class="w-e-icon-italic"></i>
        </div><div class="w-e-menu" style="z-index:10001;">
            <i class="w-e-icon-underline"></i>
        </div><div class="w-e-menu" style="z-index:10001;">
            <i class="w-e-icon-strikethrough"></i>
        </div><div class="w-e-menu" style="z-index:10001;"><i class="w-e-icon-pencil2"></i></div><div class="w-e-menu" style="z-index:10001;"><i class="w-e-icon-paint-brush"></i></div><div class="w-e-menu" style="z-index:10001;"><i class="w-e-icon-link"></i></div><div class="w-e-menu" style="z-index:10001;"><i class="w-e-icon-list2"></i></div><div class="w-e-menu" style="z-index:10001;"><i class="w-e-icon-paragraph-left"></i></div><div class="w-e-menu" style="z-index:10001;">
            <i class="w-e-icon-quotes-left"></i>
        </div><div class="w-e-menu" style="z-index:10001;">
            <i class="w-e-icon-happy"></i>
        </div><div class="w-e-menu" id="w-e-img520357769006266" style="z-index:10001;"><i class="w-e-icon-image"></i></div><div class="w-e-menu" style="z-index:10001;"><i class="w-e-icon-table2"></i></div><div class="w-e-menu" style="z-index:10001;"><i class="w-e-icon-play"></i></div><div class="w-e-menu" style="z-index:10001;">
            <i class="w-e-icon-terminal"></i>
        </div><div class="w-e-menu" style="z-index:10001;">
            <i class="w-e-icon-undo"></i>
        </div><div class="w-e-menu" style="z-index:10001;">
            <i class="w-e-icon-redo"></i>
        </div></div><div style="border:1px solid #ccc; border-top:none; height:300px; z-index:10000;" class="w-e-text-container"><div contenteditable="true" style="width:100%; height:100%;" class="w-e-text" id="text-elem2596451492614038"><div><div><a href="javascript:void(0);" onclick="copyCnblogsCode(this)" title="复制代码"><img src="https://common.cnblogs.com/images/copycode.gif" alt="复制代码"></a></div><pre><strong>using System;
using System.Collections.Generic;
using System.Linq;
using System.Net;
using System.Net.Http;
using System.Web;
using System.Web.Http;

namespace WebApi.Controllers
{
    public class UploadController : ApiController
    {

        public void Up()
        {
            //多图上传
            HttpContext context = HttpContext.Current;
            HttpFileCollection files = context.Request.Files;
            string path = context.Request.MapPath("~/");
            string strPath = path + "App_Data/";
            for (int i = 0; i &lt; files.Count; i++)
            {
                strPath += files[i].FileName;
                files[i].SaveAs(strPath);
            }
            context.Response.Clear();
            context.Response.Write(strPath);
            context.Response.End();
        }
    }
}</strong></pre><div><a href="javascript:void(0);" onclick="copyCnblogsCode(this)" title="复制代码"><img src="https://common.cnblogs.com/images/copycode.gif" alt="复制代码"></a></div></div><p>&nbsp;</p></div></div>', N'1', N'1546472633', N'1546472633', N'C# WEB.API 多图上传', N'123456', N'科技')
GO

SET IDENTITY_INSERT [dbo].[Articals] OFF
GO


-- ----------------------------
-- Table structure for Classifications
-- ----------------------------
IF EXISTS (SELECT * FROM sys.all_objects WHERE object_id = OBJECT_ID(N'[dbo].[Classifications]') AND type IN ('U'))
	DROP TABLE [dbo].[Classifications]
GO

CREATE TABLE [dbo].[Classifications] (
  [Id] int IDENTITY(1,1) NOT NULL,
  [Name] nvarchar(max) COLLATE SQL_Latin1_General_CP1_CI_AS NULL,
  [Createtime] int NOT NULL,
  [Updatetime] int NOT NULL
)
GO

ALTER TABLE [dbo].[Classifications] SET (LOCK_ESCALATION = TABLE)
GO


-- ----------------------------
-- Records of [Classifications]
-- ----------------------------
SET IDENTITY_INSERT [dbo].[Classifications] ON
GO

INSERT INTO [dbo].[Classifications] ([Id], [Name], [Createtime], [Updatetime]) VALUES (N'4', N'新闻', N'1', N'1')
GO

INSERT INTO [dbo].[Classifications] ([Id], [Name], [Createtime], [Updatetime]) VALUES (N'5', N'娱乐', N'1', N'1')
GO

INSERT INTO [dbo].[Classifications] ([Id], [Name], [Createtime], [Updatetime]) VALUES (N'6', N'体育', N'1', N'1')
GO

INSERT INTO [dbo].[Classifications] ([Id], [Name], [Createtime], [Updatetime]) VALUES (N'7', N'财经', N'1', N'1')
GO

INSERT INTO [dbo].[Classifications] ([Id], [Name], [Createtime], [Updatetime]) VALUES (N'8', N'科技', N'1', N'1')
GO

SET IDENTITY_INSERT [dbo].[Classifications] OFF
GO


-- ----------------------------
-- Table structure for Collections
-- ----------------------------
IF EXISTS (SELECT * FROM sys.all_objects WHERE object_id = OBJECT_ID(N'[dbo].[Collections]') AND type IN ('U'))
	DROP TABLE [dbo].[Collections]
GO

CREATE TABLE [dbo].[Collections] (
  [Id] int IDENTITY(1,1) NOT NULL,
  [Infoid] int NOT NULL,
  [Type] int NOT NULL,
  [User] int NOT NULL,
  [Createtime] int NOT NULL,
  [Updatetime] int NOT NULL
)
GO

ALTER TABLE [dbo].[Collections] SET (LOCK_ESCALATION = TABLE)
GO


-- ----------------------------
-- Table structure for Grades
-- ----------------------------
IF EXISTS (SELECT * FROM sys.all_objects WHERE object_id = OBJECT_ID(N'[dbo].[Grades]') AND type IN ('U'))
	DROP TABLE [dbo].[Grades]
GO

CREATE TABLE [dbo].[Grades] (
  [Id] int IDENTITY(1,1) NOT NULL,
  [Authority] nvarchar(max) COLLATE SQL_Latin1_General_CP1_CI_AS NULL,
  [Createtime] int NOT NULL,
  [Updatetime] int NOT NULL
)
GO

ALTER TABLE [dbo].[Grades] SET (LOCK_ESCALATION = TABLE)
GO


-- ----------------------------
-- Records of [Grades]
-- ----------------------------
SET IDENTITY_INSERT [dbo].[Grades] ON
GO

INSERT INTO [dbo].[Grades] ([Id], [Authority], [Createtime], [Updatetime]) VALUES (N'1', N'1,2,3,4,5,6,7,8', N'1', N'1')
GO

INSERT INTO [dbo].[Grades] ([Id], [Authority], [Createtime], [Updatetime]) VALUES (N'2', N'5,6,7,8', N'1', N'1')
GO

INSERT INTO [dbo].[Grades] ([Id], [Authority], [Createtime], [Updatetime]) VALUES (N'3', N'6,7', N'-2147483648', N'-2147483648')
GO

INSERT INTO [dbo].[Grades] ([Id], [Authority], [Createtime], [Updatetime]) VALUES (N'4', N'3,4', N'0', N'0')
GO

SET IDENTITY_INSERT [dbo].[Grades] OFF
GO


-- ----------------------------
-- Table structure for Messages
-- ----------------------------
IF EXISTS (SELECT * FROM sys.all_objects WHERE object_id = OBJECT_ID(N'[dbo].[Messages]') AND type IN ('U'))
	DROP TABLE [dbo].[Messages]
GO

CREATE TABLE [dbo].[Messages] (
  [Id] int IDENTITY(1,1) NOT NULL,
  [Content] nvarchar(max) COLLATE SQL_Latin1_General_CP1_CI_AS NULL,
  [Tyoe] int NOT NULL,
  [Infoid] int NOT NULL,
  [Createtime] int NOT NULL,
  [Updatetime] int NOT NULL,
  [UserId] int DEFAULT ((0)) NOT NULL,
  [User] nvarchar(max) COLLATE SQL_Latin1_General_CP1_CI_AS NULL,
  [Headphoto] nvarchar(max) COLLATE SQL_Latin1_General_CP1_CI_AS NULL
)
GO

ALTER TABLE [dbo].[Messages] SET (LOCK_ESCALATION = TABLE)
GO


-- ----------------------------
-- Records of [Messages]
-- ----------------------------
SET IDENTITY_INSERT [dbo].[Messages] ON
GO

INSERT INTO [dbo].[Messages] ([Id], [Content], [Tyoe], [Infoid], [Createtime], [Updatetime], [UserId], [User], [Headphoto]) VALUES (N'3', N'weeewewr', N'1', N'9', N'1546427648', N'1546427648', N'8', N'779199', N'assets/img/user.png')
GO

INSERT INTO [dbo].[Messages] ([Id], [Content], [Tyoe], [Infoid], [Createtime], [Updatetime], [UserId], [User], [Headphoto]) VALUES (N'4', N'wqeq', N'1', N'9', N'1546427702', N'1546427702', N'8', N'779199', N'assets/img/user.png')
GO

INSERT INTO [dbo].[Messages] ([Id], [Content], [Tyoe], [Infoid], [Createtime], [Updatetime], [UserId], [User], [Headphoto]) VALUES (N'5', N'有没有中文版的', N'1', N'9', N'1546428126', N'1546428126', N'8', N'779199', N'assets/img/user.png')
GO

INSERT INTO [dbo].[Messages] ([Id], [Content], [Tyoe], [Infoid], [Createtime], [Updatetime], [UserId], [User], [Headphoto]) VALUES (N'6', N'谢谢支持', N'1', N'9', N'1546428734', N'1546428734', N'1', N'452840', N'assets/img/user.png')
GO

INSERT INTO [dbo].[Messages] ([Id], [Content], [Tyoe], [Infoid], [Createtime], [Updatetime], [UserId], [User], [Headphoto]) VALUES (N'7', N'测试一下', N'1', N'9', N'1546472583', N'1546472583', N'1002', N'123456', N'assets/img/user.png')
GO

INSERT INTO [dbo].[Messages] ([Id], [Content], [Tyoe], [Infoid], [Createtime], [Updatetime], [UserId], [User], [Headphoto]) VALUES (N'8', N'为惹人', N'1', N'12', N'1546472769', N'1546472769', N'1002', N'123456', N'assets/img/user.png')
GO

SET IDENTITY_INSERT [dbo].[Messages] OFF
GO


-- ----------------------------
-- Table structure for Photos
-- ----------------------------
IF EXISTS (SELECT * FROM sys.all_objects WHERE object_id = OBJECT_ID(N'[dbo].[Photos]') AND type IN ('U'))
	DROP TABLE [dbo].[Photos]
GO

CREATE TABLE [dbo].[Photos] (
  [Id] int IDENTITY(1,1) NOT NULL,
  [Album] int NOT NULL,
  [Src] nvarchar(max) COLLATE SQL_Latin1_General_CP1_CI_AS NULL,
  [Createtime] int NOT NULL,
  [Updatetime] int NOT NULL
)
GO

ALTER TABLE [dbo].[Photos] SET (LOCK_ESCALATION = TABLE)
GO


-- ----------------------------
-- Table structure for Quanxians
-- ----------------------------
IF EXISTS (SELECT * FROM sys.all_objects WHERE object_id = OBJECT_ID(N'[dbo].[Quanxians]') AND type IN ('U'))
	DROP TABLE [dbo].[Quanxians]
GO

CREATE TABLE [dbo].[Quanxians] (
  [Id] int IDENTITY(1,1) NOT NULL,
  [Name] nvarchar(max) COLLATE SQL_Latin1_General_CP1_CI_AS NULL,
  [url] nvarchar(max) COLLATE SQL_Latin1_General_CP1_CI_AS NULL
)
GO

ALTER TABLE [dbo].[Quanxians] SET (LOCK_ESCALATION = TABLE)
GO


-- ----------------------------
-- Records of [Quanxians]
-- ----------------------------
SET IDENTITY_INSERT [dbo].[Quanxians] ON
GO

INSERT INTO [dbo].[Quanxians] ([Id], [Name], [url]) VALUES (N'1', N'管理员管理', N'Admins2')
GO

INSERT INTO [dbo].[Quanxians] ([Id], [Name], [url]) VALUES (N'2', N'系统管理', N'Systems1')
GO

INSERT INTO [dbo].[Quanxians] ([Id], [Name], [url]) VALUES (N'3', N'权限管理', N'Grades1')
GO

INSERT INTO [dbo].[Quanxians] ([Id], [Name], [url]) VALUES (N'4', N'分类管理', N'Classifications1')
GO

INSERT INTO [dbo].[Quanxians] ([Id], [Name], [url]) VALUES (N'5', N'评论管理', N'Messages1')
GO

INSERT INTO [dbo].[Quanxians] ([Id], [Name], [url]) VALUES (N'6', N'文章管理', N'Articals1')
GO

INSERT INTO [dbo].[Quanxians] ([Id], [Name], [url]) VALUES (N'7', N'相册管理', N'Albums1')
GO

INSERT INTO [dbo].[Quanxians] ([Id], [Name], [url]) VALUES (N'8', N'用户管理', N'Users1')
GO

SET IDENTITY_INSERT [dbo].[Quanxians] OFF
GO


-- ----------------------------
-- Table structure for Systems
-- ----------------------------
IF EXISTS (SELECT * FROM sys.all_objects WHERE object_id = OBJECT_ID(N'[dbo].[Systems]') AND type IN ('U'))
	DROP TABLE [dbo].[Systems]
GO

CREATE TABLE [dbo].[Systems] (
  [Id] int IDENTITY(1,1) NOT NULL,
  [Name] nvarchar(max) COLLATE SQL_Latin1_General_CP1_CI_AS NULL,
  [Logo] nvarchar(max) COLLATE SQL_Latin1_General_CP1_CI_AS NULL,
  [Aboutus] nvarchar(max) COLLATE SQL_Latin1_General_CP1_CI_AS NULL,
  [Contract] nvarchar(max) COLLATE SQL_Latin1_General_CP1_CI_AS NULL,
  [Address] nvarchar(max) COLLATE SQL_Latin1_General_CP1_CI_AS NULL
)
GO

ALTER TABLE [dbo].[Systems] SET (LOCK_ESCALATION = TABLE)
GO


-- ----------------------------
-- Records of [Systems]
-- ----------------------------
SET IDENTITY_INSERT [dbo].[Systems] ON
GO

INSERT INTO [dbo].[Systems] ([Id], [Name], [Logo], [Aboutus], [Contract], [Address]) VALUES (N'1', N'测试博客', N'© 2019 - 我的 ASP.NET 应用程序', N'这是我的作业网站', N'13344455684', N'武汉市xx学校')
GO

SET IDENTITY_INSERT [dbo].[Systems] OFF
GO


-- ----------------------------
-- Table structure for Users
-- ----------------------------
IF EXISTS (SELECT * FROM sys.all_objects WHERE object_id = OBJECT_ID(N'[dbo].[Users]') AND type IN ('U'))
	DROP TABLE [dbo].[Users]
GO

CREATE TABLE [dbo].[Users] (
  [ID] int IDENTITY(1,1) NOT NULL,
  [Username] nvarchar(max) COLLATE SQL_Latin1_General_CP1_CI_AS NULL,
  [Password] nvarchar(max) COLLATE SQL_Latin1_General_CP1_CI_AS NULL,
  [Headphoto] nvarchar(max) COLLATE SQL_Latin1_General_CP1_CI_AS NULL,
  [Name] nvarchar(max) COLLATE SQL_Latin1_General_CP1_CI_AS NULL,
  [Createtime] int NOT NULL,
  [Updatetime] int NOT NULL
)
GO

ALTER TABLE [dbo].[Users] SET (LOCK_ESCALATION = TABLE)
GO


-- ----------------------------
-- Records of [Users]
-- ----------------------------
SET IDENTITY_INSERT [dbo].[Users] ON
GO

INSERT INTO [dbo].[Users] ([ID], [Username], [Password], [Headphoto], [Name], [Createtime], [Updatetime]) VALUES (N'1', N'452840', N'779199', N'assets/img/user.png', N'452840', N'6', N'7')
GO

INSERT INTO [dbo].[Users] ([ID], [Username], [Password], [Headphoto], [Name], [Createtime], [Updatetime]) VALUES (N'8', N'779199', N'779199', N'assets/img/user.png', N'779199', N'6', N'7')
GO

INSERT INTO [dbo].[Users] ([ID], [Username], [Password], [Headphoto], [Name], [Createtime], [Updatetime]) VALUES (N'1002', N'123456', N'123456', N'assets/img/user.png', N'123456', N'1546472553', N'1546472553')
GO

SET IDENTITY_INSERT [dbo].[Users] OFF
GO


-- ----------------------------
-- Primary Key structure for table __MigrationHistory
-- ----------------------------
ALTER TABLE [dbo].[__MigrationHistory] ADD CONSTRAINT [PK_dbo.__MigrationHistory] PRIMARY KEY CLUSTERED ([MigrationId], [ContextKey])
WITH (PAD_INDEX = OFF, STATISTICS_NORECOMPUTE = OFF, IGNORE_DUP_KEY = OFF, ALLOW_ROW_LOCKS = ON, ALLOW_PAGE_LOCKS = ON)  
ON [PRIMARY]
GO


-- ----------------------------
-- Primary Key structure for table Admins
-- ----------------------------
ALTER TABLE [dbo].[Admins] ADD CONSTRAINT [PK_dbo.Admins] PRIMARY KEY CLUSTERED ([Id])
WITH (PAD_INDEX = OFF, STATISTICS_NORECOMPUTE = OFF, IGNORE_DUP_KEY = OFF, ALLOW_ROW_LOCKS = ON, ALLOW_PAGE_LOCKS = ON)  
ON [PRIMARY]
GO


-- ----------------------------
-- Primary Key structure for table Albums
-- ----------------------------
ALTER TABLE [dbo].[Albums] ADD CONSTRAINT [PK_dbo.Albums] PRIMARY KEY CLUSTERED ([Id])
WITH (PAD_INDEX = OFF, STATISTICS_NORECOMPUTE = OFF, IGNORE_DUP_KEY = OFF, ALLOW_ROW_LOCKS = ON, ALLOW_PAGE_LOCKS = ON)  
ON [PRIMARY]
GO


-- ----------------------------
-- Primary Key structure for table Articals
-- ----------------------------
ALTER TABLE [dbo].[Articals] ADD CONSTRAINT [PK_dbo.Articals] PRIMARY KEY CLUSTERED ([Id])
WITH (PAD_INDEX = OFF, STATISTICS_NORECOMPUTE = OFF, IGNORE_DUP_KEY = OFF, ALLOW_ROW_LOCKS = ON, ALLOW_PAGE_LOCKS = ON)  
ON [PRIMARY]
GO


-- ----------------------------
-- Primary Key structure for table Classifications
-- ----------------------------
ALTER TABLE [dbo].[Classifications] ADD CONSTRAINT [PK_dbo.Classifications] PRIMARY KEY CLUSTERED ([Id])
WITH (PAD_INDEX = OFF, STATISTICS_NORECOMPUTE = OFF, IGNORE_DUP_KEY = OFF, ALLOW_ROW_LOCKS = ON, ALLOW_PAGE_LOCKS = ON)  
ON [PRIMARY]
GO


-- ----------------------------
-- Primary Key structure for table Collections
-- ----------------------------
ALTER TABLE [dbo].[Collections] ADD CONSTRAINT [PK_dbo.Collections] PRIMARY KEY CLUSTERED ([Id])
WITH (PAD_INDEX = OFF, STATISTICS_NORECOMPUTE = OFF, IGNORE_DUP_KEY = OFF, ALLOW_ROW_LOCKS = ON, ALLOW_PAGE_LOCKS = ON)  
ON [PRIMARY]
GO


-- ----------------------------
-- Primary Key structure for table Grades
-- ----------------------------
ALTER TABLE [dbo].[Grades] ADD CONSTRAINT [PK_dbo.Grades] PRIMARY KEY CLUSTERED ([Id])
WITH (PAD_INDEX = OFF, STATISTICS_NORECOMPUTE = OFF, IGNORE_DUP_KEY = OFF, ALLOW_ROW_LOCKS = ON, ALLOW_PAGE_LOCKS = ON)  
ON [PRIMARY]
GO


-- ----------------------------
-- Primary Key structure for table Messages
-- ----------------------------
ALTER TABLE [dbo].[Messages] ADD CONSTRAINT [PK_dbo.Messages] PRIMARY KEY CLUSTERED ([Id])
WITH (PAD_INDEX = OFF, STATISTICS_NORECOMPUTE = OFF, IGNORE_DUP_KEY = OFF, ALLOW_ROW_LOCKS = ON, ALLOW_PAGE_LOCKS = ON)  
ON [PRIMARY]
GO


-- ----------------------------
-- Primary Key structure for table Photos
-- ----------------------------
ALTER TABLE [dbo].[Photos] ADD CONSTRAINT [PK_dbo.Photos] PRIMARY KEY CLUSTERED ([Id])
WITH (PAD_INDEX = OFF, STATISTICS_NORECOMPUTE = OFF, IGNORE_DUP_KEY = OFF, ALLOW_ROW_LOCKS = ON, ALLOW_PAGE_LOCKS = ON)  
ON [PRIMARY]
GO


-- ----------------------------
-- Primary Key structure for table Quanxians
-- ----------------------------
ALTER TABLE [dbo].[Quanxians] ADD CONSTRAINT [PK_dbo.Quanxians] PRIMARY KEY CLUSTERED ([Id])
WITH (PAD_INDEX = OFF, STATISTICS_NORECOMPUTE = OFF, IGNORE_DUP_KEY = OFF, ALLOW_ROW_LOCKS = ON, ALLOW_PAGE_LOCKS = ON)  
ON [PRIMARY]
GO


-- ----------------------------
-- Primary Key structure for table Systems
-- ----------------------------
ALTER TABLE [dbo].[Systems] ADD CONSTRAINT [PK_dbo.Systems] PRIMARY KEY CLUSTERED ([Id])
WITH (PAD_INDEX = OFF, STATISTICS_NORECOMPUTE = OFF, IGNORE_DUP_KEY = OFF, ALLOW_ROW_LOCKS = ON, ALLOW_PAGE_LOCKS = ON)  
ON [PRIMARY]
GO


-- ----------------------------
-- Primary Key structure for table Users
-- ----------------------------
ALTER TABLE [dbo].[Users] ADD CONSTRAINT [PK_dbo.Users] PRIMARY KEY CLUSTERED ([ID])
WITH (PAD_INDEX = OFF, STATISTICS_NORECOMPUTE = OFF, IGNORE_DUP_KEY = OFF, ALLOW_ROW_LOCKS = ON, ALLOW_PAGE_LOCKS = ON)  
ON [PRIMARY]
GO

